亞碩 PM N9 尊爵黑 顯卡長34/CPU高15.5/RGB面板燈飾/SSD*2/ATX 【店內促】,990
迎廣 EM58 黑紅 顯卡長32/CPU高14/側板免螺絲/M-ATX【專案裝機 限網路下單】,1190
迎廣 EF055 顯卡長32/CPU高14/側板免螺絲/M-ATX【專案裝機 限網路下單】,1290
台鼎環球 4U (黑) 工業機殼/CPU高14/側版1.2mm厚度/ATX(不含滑軌),2990
樹昌 TI-X201 2U工業機殼/CPU高6.5/ATX(無滑軌)/僅支援標準電供/可橫式PCI(另購),3490
樹昌 TI-X302 3U工業機殼/CPU高11/ATX(不含滑軌)/支援ATX標準電供,3490
樹昌 TI-X401 4U工業機殼/CPU高14/ATX(不含滑軌)/支援ATX標準電供,3490
Streacom BC1.1 Benchtable 銀色/裸測平台/鋁合金/E-ATX,5700
Streacom BC1.1 Benchtable 黑色/裸測平台/鋁合金/E-ATX,6300
Streacom BC1.1 Benchtable 紅色/裸測平台/鋁合金/E-ATX,6300
ASUS ROG Strix Helios 顯卡長45/CPU高19/玻璃透側/Aura Sync信仰圖騰燈飾/E-ATX,8990
ASUS TUF Gaming GT501 Case 顯卡長42/CPU高18/全景玻璃透側/ATX *加送 賽德斯 M.2 散熱片,4490
MSI MPG GUNGNIR 100 顯卡長40/CPU高17/A.RGB面板燈飾/E-ATX,3590
MSI MPG GUNGNIR 100D 顯卡長40/CPU高17/玻璃透側/大龍魂面板/E-ATX,2990
MSI MPG SEKIRA 500G 顯卡長40/CPU高17/金邊飾條/雙面玻璃/E-ATX,6390
MSI MPG SEKIRA 500X 顯卡長40/CPU高17/A.RGB風扇/四面玻璃/E-ATX,6990
MSI MAG VAMPIRIC 010M 吸血鬼M 顯卡長36/CPU高16.7/玻璃透側/RGB/ATX,1890
MSI MAG VAMPIRIC 010 吸血鬼 顯卡長36/CPU高16.7/玻璃透側/A.RGB/ATX,2090
技嘉 AORUS C300 GLASS 顯卡長40/CPU高17/玻璃透側/ATX,3390
技嘉 AC300W LITE 顯卡長40/CPU高17/透明側板/RGB Fusion/ATX,2890
技嘉 C200 GLASS 顯卡長33/CPU高16.5/RGB/玻璃透側/ATX【+送冰渦輪風扇*1】,1690
COUGAR MX300 非透側/顯卡長31/CPU高16/ATX + COUGAR VTE 400W/銅牌,1990
COUGAR MX310 開窗透側/顯卡長31/CPU高16/ATX + COUGAR VTE 400W/銅牌,1990
COUGAR MX330 壓克力透側/顯卡長35/CPU高15.5/網孔面板/ATX,1490
COUGAR MX340 顯卡長33/CPU高16/玻璃透側/質感髮絲紋面板/ATX,1590
COUGAR MX350 顯卡長35/CPU高16/玻璃透側/獨特面板切割/ATX,1890
COUGAR TURRET RGB 顯卡長35/CPU高16/玻璃透側/ATX【+送COUGAR VTE 400W 銅牌】,2990
COUGAR PURITAS 顯卡長42.5/CPU高16/4面玻璃/ATX,3590
COUGAR PANZER-S 顯卡長35/風扇高16/玻璃透側/ATX,2990
COUGAR PANZER-G 顯卡長42.5/CPU高16/雙面玻璃透側/ATX,3590
COUGAR PANZER MAX 顯卡長39/風扇高17/壓克力透側/E-ATX【訂】,4590
COUGAR PANZER EVO RGB 顯卡長39/U高17/玻璃透側/提把設計/E-ATX,6690
COUGAR CONQUER(5LMR) 顯35/U高19/鋁質斜置設計/ATX【送ALSEYE X12 三風扇組】,8990
COUGAR GEMINI S 鐵灰 顯卡長41/CPU高17.5/RGB面板燈飾/玻璃透側/E-ATX,3390
COUGAR GEMINI T 顯卡長40/CPU高17/RGB面板燈飾/鷗翼式玻璃透側/ATX,5890
COUGAR GEMINI X 顯35/U高14/支援雙電供/ITX+ATX+送COUGAR Helor 240水冷*1【訂】,23900
全漢 CST310 小坦克 顯卡長37.5/CPU高16.3/A.RGB面板燈飾/M-ATX【+送 12cm風扇*2】,1490
全漢 CST312 小戰隼 顯卡長35.5/CPU高16/A.RGB面板燈飾/M-ATX,1690
全漢 CST320 靜化論 顯卡長39.3/CPU高16/靜音設計/M-ATX,1590
全漢 CST340 小神盾 顯卡長37.5/CPU高16.3/A.RGB風扇/玻璃透側/M-ATX,1790
全漢 CMT240B 炫鬥士 黑 顯卡長37.3/CPU高17.9/壓克力透側/上開孔/ATX,1090
全漢 CMT240W 炫鬥士 白 顯卡長37.3/CPU高17.9/壓克力透側/上開孔/ATX,1190
全漢 CMT220 聖俠士 顯卡長40/CPU高16.3/SSD*3/ATX,1090
全漢 CMT230 炫戰士 顯卡長37.3/CPU高17.9/壓克力透側/ATX,1350
全漢 CMT311 旋風俠 顯卡長32/CPU高16/A.RGB風扇.面板燈飾/玻璃透側//ATX,1790
全漢 CMT321 炫俠客 顯卡長35.5/CPU高16/A.RGB面板燈飾/玻璃透側/ATX,1990
全漢 CMT520 光戰警 顯卡長42.3/CPU高16.3/RGB風扇4pin(12V)/前.側玻璃/E-ATX,2390
全漢 CMT520 光戰警 Plus 顯卡長42.3/CPU高16.3/A.RGB風扇3Pin(5V)/E-ATX,2390
視博通 小尖兵 RGB 顯卡長27/CPU高17/支援主板RGB同步/M-ATX,1490
視博通 小流星 顯卡長32/CPU高14/M-ATX,990
視博通 小至尊 顯卡長33/CPU高14/前置讀卡機/M-ATX,890
視博通 聖鬥神 PRO 顯卡長37/CPU高16/ATX,590
視博通 統治者 顯卡長42/CPU高16/ATX,890
視博通 皇家戰士 顯卡長30/CPU高15/ATX,890
視博通 皇家戰士 顯卡長30/CPU高15/ATX + XFX XT 400W/銅牌/日系電容/3年,1790
視博通 蒼龍使者+內附 CWT(僑威)400W電源(2年保) 顯卡長30/CPU高15/ATX,990
視博通 小巫師+內附CWT喬威400W電源(2年) 顯卡長30/CPU高14/M-ATX,1390
視博通 小魔龍+內附全漢350W電源(3年) 顯卡長26/CPU高14/M-ATX,1690
視博通 未來戰士 顯卡長39.5/CPU高16/讀卡機/ATX,1390
視博通 光魔戰士 顯卡長41/CPU高18/讀卡機/M-ATX,1400
視博通 捍衛戰士 Lite 顯卡長38/CPU高17.5/玻璃透側/ATX,1890
視博通 印加戰士 顯卡長38/CPU高16/ATX【如裝光碟機.請搭配6孔M-ATX】,1190
視博通 印加戰士 顯卡長38/CPU高16/ATX + REEVEN E12 RC-1208LR 紅光散熱器,1490
視博通 影武戰士 顯卡長36.5/CPU高15.8/壓克力透側/ATX,1090
視博通 精靈戰士 顯卡長37/CPU高15.8/開窗透側/ATX,1090
視博通 精靈戰士 顯卡長37/CPU高15.8/開窗透側/ATX + 僑威550W 銅牌,1890
視博通 巨魔戰士 顯卡長44/CPU高18/玻璃透側/ATX,1990
視博通 魔幻戰士 顯卡長38/CPU高17.5/三面強化玻璃/7色LED扇/ATX,2990
SAMA 小璃光 顯卡長37.5/CPU高16.3/玻璃透側/A.RGB面板燈飾/M-ATX,1590
SAMA 小武士 顯卡長35/CPU高16/壓克力透側/讀卡機/M-ATX,990
SAMA 創世者 顯卡長37/CPU高15.5/全壓克力透側/ATX【如裝光碟機.請搭配6孔M-ATX】,990
SAMA 創世者 顯37/U高15.5/全壓克力透側/ATX + XFX XT 400W/銅牌/日系電容/3年,1790
SAMA 創世者 顯37/U高15.5/全壓克力透側/ATX + 全漢 聖武士 550W/雙8/銅牌/5年,2290
SAMA 帝國戰士 顯卡長42.3/CPU高16.3/全壓克力透側/上開孔/ATX,1390
SAMA 終極戰士 顯卡長35.5/CPU高16/全景玻璃透側/ATX【+送 Sharkoon A.RGB燈條*1】,1590
SAMA 影子戰士(黑) 顯卡長:30/CPU高15/上置讀卡機/ATX,1390
SAMA 影子戰士(白)顯卡長:30/CPU高15/上置讀卡機/ATX,1490
SAMA 終極者(透側黑) 顯卡長41/CPU高16/ATX,1590
SAMA 極靜者(黑) 顯卡長41/CPU高17/讀卡機/ATX,1790
SAMA 極靜戰士 顯卡長46/CPU高17/上置讀卡機/全透側/ATX,1990
SAMA 方舟戰士 顯卡長46/CPU高17/ATX,2490
SAMA 煥彩使者(黑) 顯卡長37/CPU高15.8/全景壓克力透側/ATX【+送 視博通 神雕手V2】,1290
SAMA 煥彩戰士(黑)顯39.5/U高16/A.RGB不相容華擎.技嘉5V同步/壓克力透側/ATX,1490
SAMA 煥彩戰士 Pro(黑)顯卡長39.5/CPU高16/內含A.RGB風扇*4+面板燈飾/ATX,1690
SAMA 煥彩戰士 Pro(白)顯卡長39.5/CPU高16/內含A.RGB風扇*4+面板燈飾/ATX,1690
SAMA 復仇戰神 黑 顯卡長32.5/CPU高16.4/A.RGB面板燈飾/ATX,1590
SAMA V1(B) 掠食者 顯卡長47.2/CPU高18.6/E-ATX【訂】,5790
旋剛 光影者(RGB) 顯卡長37.5/CPU高16.5/A.RGB風扇/ATX,1590
旋剛 光影者(藍光) 顯卡長37.5/CPU高16.5/ATX,1390
旋剛 馭風者(RGB) 顯卡長37.5/CPU高16.5/A.RGB風扇/ATX,1590
旋剛 馭風者(藍光) 顯卡長37.5/CPU高16.5/藍光風扇/ATX,1390
旋剛 TG4 炫彩者 (藍光)/顯卡長37.5/CPU高16/玻璃透側/ATX * 熱銷缺貨中,1490
旋剛 TG4 炫彩者 (RGB)/顯卡長37.5/CPU高16/A.RGB風扇/玻璃透側/ATX,1690
旋剛 Pure Steel 鋼鐵者(白)/顯卡長42/CPU高16/玻璃透側/E-ATX,1990
旋剛 Pure Steel 鋼鐵者(RGB)/顯卡長42/CPU高16/玻璃透側/E-ATX,2290
旋剛 夜鯊 NIGHT SHARK(A.RGB) 顯42/U高16/E-ATX【旋剛15周年限定】,2490
旋剛 夜鯊 NIGHT SHARK(藍光) 顯卡長42/CPU高16/E-ATX,2190
旋剛 SGC1 Window(紅光) 顯卡長40/CPU高16.5/內部紅烤漆/開窗透側/ATX,1490
旋剛 SGC1 Window(藍光) 顯卡長40/CPU高16.5/內部藍烤漆/開窗透側/ATX,1490
旋剛 酷玩者(黑) 顯卡長40/CPU高16.7/SSD*2(共用)7.1音效/ATX,1780
旋剛 AM5 Silent Red 飆風者(紅) 顯40/U高16.7/ATX,1990
旋剛 AM5 Silent Titanium 飆風者(鈦銀) 顯40/U高16.7/ATX,1990
旋剛 TG5 炫光者 RGB 顯卡長40/CPU高16.7/玻璃透側/支援主板RGB同步/ATX,2490
旋剛 追影者 RGB FLOW 顯卡長35/CPU高16.5/支援主板A.RGB同步/ATX,1590
旋剛 CA200M 鐵網版 顯卡長42.5/CPU高16.5/鐵網面板/E-ATX【送旋剛1337 RGB鼠墊(值790)】,2990
旋剛 CA200G 玻璃版 顯卡長42.5/CPU高16.5/玻璃面板/E-ATX【送旋剛1337 RGB鼠墊(值790)】,2990
旋剛 聖龍者 RGB 幻彩版 顯卡長38/CPU高17/SSD*2/玻璃透側/支援主板RGB同步/ATX,2690
旋剛 勁風者 VG5-W (藍) 顯卡長31/CPU高16/SSD*4/ATX,1290
旋剛 勁風者 VG5-W (紅) 顯卡長31/CPU高16/SSD*4/ATX,1290
旋剛 防衛者 VS4-W 顯卡長31/CPU高16/開窗透側/ATX,1090
旋剛 狂風者 VG4-W(藍)顯卡長31/CPU高16/SSD*4/ATX,1190
旋剛 狂風者 VG4-W(紅)顯卡長31/CPU高16/SSD*4/ATX,1190
旋剛 小暴風(S1000) 顯卡長40/CPU高15.5/SSD*2/M-ATX,1090
旋剛 小暴風(S1000-W)透側版 顯卡長40/CPU高15/SSD*2/開窗透側/M-ATX,1190
旋剛 小颶風(V1000-W)透側版 顯卡長40/CPU高15/SSD*2/開窗透側/M-ATX,1390
旋剛 防禦者 VS7 Window 顯卡長40/CPU高16.5/開窗透側/ATX,1590
Antec Torque 魅影 黑紅 顯卡長45/CPU高21.5/全鋁開放式設計/玻璃透側/ATX【客訂 可指送】,9900
Antec Torque 魅影 黑白 顯卡長45/CPU高21.5/全鋁開放式設計/玻璃透側/ATX【客訂 可指送】,9900
Antec VSK10 Window 顯卡長35/CPU高16/壓克力透側/M-ATX,1390
Antec DP301M 顯卡長36/CPU高16/RGB面板燈飾/玻璃透側/M-ATX,1390
Antec DF500 RGB 顯卡長38/CPU高15.5/玻璃透側/RGB主板同步/ATX,2090
Antec DP501 顯卡長36/CPU高16.5/A.RGB面板燈飾/玻璃透側/ATX,1590
Antec DA601 顯卡長40/CPU高16/A.RGB面板燈飾/玻璃透側/E-ATX,2290
Antec P5 顯卡長36/CPU高15.5/靜音設計/M-ATX,1690
Antec P6 顯卡長39/CPU高16/玻璃透側/M-ATX,1590
Antec P101 Silent 靜音版 顯卡長45/CPU高18/E-ATX,2490
Antec P110 Silent 靜音版 顯卡長39/CPU高16.5/SSD*6/白光 logo/ATX,2690
Antec P110 Luce 玻璃版 顯卡長39/CPU高16.5/SSD*6/RGB logo/ATX,2990
Antec P7 Window Red 顯卡39/CPU高16.5/透側/ATX,1490
"Antec P7 Silent 顯卡長39/CPU高16.5/支援5.25""/ATX",1590
Antec P8 顯卡長39/CPU高16.5/SSD*6/玻璃透側/ATX,1890
Antec NX1000 顯卡長37/CPU高18/三面玻璃/ATX,2790
Antec S10G (玻璃透側)顯卡長31/CPU高16.5/SSD*8/E-ATX【訂】,16900
BitFenix 亞瑟之劍 SABER 顯卡長40/CPU高17.8/玻璃透側/E-ATX,2390
BitFenix 歐諾拉 黑 顯卡長40/CPU高16/SSD*3/玻璃雙透側/E-ATX【限網路下訂】,2690
BitFenix 諾瓦星 白 壓克力版 顯卡長29/CPU高15.5/SSD*3/壓克力透側/ATX,1090
BitFenix 諾瓦星 白 壓克力版 顯29/U高15.5/壓克力透側/ATX + 僑威 500W 銅牌電源,1990
BitFenix 諾瓦星 黑 玻璃版 顯卡長29/CPU高16/SSD*3/玻璃透側/ATX,1490
BitFenix 諾瓦星 黑 玻璃版 顯29/U高16/玻璃透側/ATX + 僑威 550W 銅牌電源,2290
BitFenix 諾瓦星 白 玻璃版 顯卡長29/CPU高16/SSD*3/玻璃透側/ATX,1590
BitFenix 諾瓦星 白 玻璃版 顯29/U高16/玻璃透側/ATX + 僑威 550W 銅牌電源,2290
BitFenix 風魅影 黑 Nova Mesh TG 顯卡長34/CPU高16/E-ATX,1990
BitFenix 風魅影 黑 Nova Mesh TG 顯卡長34/CPU高16/E-ATX + 火鳥幽靈風扇RGB(12V)*3,2550
BitFenix 風魅影 白 Nova Mesh TG 顯卡長34/CPU高16/E-ATX,1990
BitFenix 風魅影 白 Nova Mesh TG 顯卡長34/CPU高16/E-ATX + 火鳥幽靈風扇RGB(12V)*3,2550
BitFenix 炫光戰神 黑 鐵網版 Enso Mech 顯卡長34/CPU高16/玻璃透側/E-ATX,2290
BitFenix 炫光戰神 白 鐵網版 Enso Mech 顯卡長34/CPU高16/玻璃透側/E-ATX,2390
BitFenix 炫光戰神 黑 Enso TG 顯卡長34/CPU高16/玻璃透側/RGB面板/E-ATX,2090
BitFenix 炫光戰神 白 Enso TG 顯卡長34/CPU高16/玻璃透側/RGB面板/E-ATX,2190
BitFenix 宙斯之盾 黑 顯卡長38/CPU高17/SSD*4/數位面板/M-ATX【訂】,3290
BitFenix 幕府將軍 顯卡長41/CPU高17.5/SSD*5/AURA SYNC/E-ATX【訂】,4190
Apexgaming A1 影武者 顯卡長40/CPU高15.6/ATX,1150
Apexgaming Z1 VR極限者 顯卡長40/CPU高16.3/玻璃透側/ATX【+送 Apexgaming AI-400W 】,2090
Apexgaming M2 大匠師二號 顯卡長40/CPU高16.3/玻璃透側/ATX,990
Apexgaming Hermes C1 顯卡長43/CPU高17.2/玻璃透側/可換面板/E-ATX,1990
Apexgaming Hermes C1 顯43/U高17.2/玻璃透側/E-ATX + Apexgaming AX-450/銅牌,2280
Apexgaming Hermes C2 顯卡長43/CPU高17.2/玻璃透側/可換面板.半面網孔/E-ATX,2190
Apexgaming Hermes C2 顯43/U高17.2/玻璃透側/E-ATX + Apexgaming AX-550/銅牌,2580
Apexgaming Hermes S1 顯卡長43/CPU高17.2/無透側/E-ATX + Apexgaming AI-400/白牌,1890
Apexgaming X-MARS Junior 顯長43.2/U高20/RGB/玻璃透側/E-ATX【+送 羅技 M325無線滑鼠】,5990
be quiet! Pure Base 600(黑) 顯卡長42/CPU高16.5/靜音設計ATX,2490
be quiet! Pure Base 600(黑邊透側) 顯卡長42/CPU高16.5/玻璃透側/ATX,2990
be quiet! Pure Base 600(橘邊透側) 顯卡長42/CPU高16.5/玻璃透側/ATX,2990
be quiet! Silent Base 601(黑邊透側)顯卡長44.9/CPU高18.5/玻璃透側/E-ATX,4150
be quiet! Silent Base 601(橘邊透側)顯卡長44.9/CPU高18.5/玻璃透側/E-ATX,4150
be quiet! Silent Base 801(橘邊透側)顯卡長44.9/CPU高18.5/玻璃透側/E-ATX,4990
be quiet! Dark Base 700 顯卡長43/CPU高18/玻璃透側/RGB面板(支援主板同步)/E-ATX,5290
be quiet! Dark Base 700 白色限定版 顯長43/U高18/玻璃透側/RGB面板/E-ATX【獨家限量】,6390
Phanteks Eclipse P300 全黑 顯卡長33/CPU高16/E-ATX(PH-EC300PTG-BK),1930
Phanteks Eclipse P300 全白 顯卡長33/CPU高16/E-ATX(PH-EC300PTG-WT),1930
Phanteks Eclipse P300 紅黑 顯卡長33/CPU高16/E-ATX(PH-EC300PTG-BR),1930
Phanteks Eclipse P300 白黑 顯卡長33/CPU高16/E-ATX(PH-EC300PTG-BW),1930
Phanteks Eclipse P350X 全黑 顯卡長40/CPU高16/E-ATX(PH-EC350PTG-DBK),2235
Phanteks Eclipse P350X 白黑 顯卡長40/CPU高16/E-ATX(PH-EC350PTG-DBW),2235
Phanteks Eclipse P360X 黑 顯卡長40/CPU高16/E-ATX(PH-EC360PTG-DBK),2235
Phanteks Eclipse P400 黑 顯卡長39.5/CPU高16/E-ATX(PH-EC416PTG-BK),2540
Phanteks Eclipse P400 白 顯卡長39.5/CPU高16/E-ATX(PH-EC416PTG-WT),2540
Phanteks Eclipse P400 灰 顯卡長39.5/CPU高16/E-ATX(PH-EC416PTG-AG),2540
Phanteks Eclipse P400 紅黑 顯卡長39.5/CPU高16/E-ATX(PH-EC416PTG-BR),2540
Phanteks Eclipse P400 白黑 顯卡長39.5/CPU高16/E-ATX(PH-EC416PTG-BW),2540
Phanteks Eclipse P400A 黑 顯卡長42/CPU高16/ATX(PH-EC400ATG-BK),2235
Phanteks Eclipse P400A ARGB 黑 顯卡長42/CPU高16/ATX(PH-EC400ATG-DBK),2540
Phanteks Eclipse P400A ARGB 白 顯卡長42/CPU高16/ATX(PH-EC400ATG-DWT),2540
Phanteks Eclipse P600S 黑(非透側) 顯卡長43.5/CPU高19/E-ATX(PH-EC600PSC-BK),4370
Phanteks Eclipse P600S 黑 顯卡長43.5/CPU高19/E-ATX(PH-EC600PSTG-BK),4675
Phanteks Eclipse P600S 白 顯卡長43.5/CPU高19/E-ATX(PH-EC600PSTG-WT),4675
Phanteks Eclipse P600S 灰 顯卡長43.5/CPU高19/E-ATX(PH-EC600PSTG-AG),4675
Phanteks Enthoo Luxe2 黑 顯卡長50.3/CPU高19.5(6)/支援雙電供/EEB(PH-ES719LTG-BK),5700
Phanteks Enthoo Luxe2 灰 顯卡長50.3/CPU高19.5(6)/支援雙電供/EEB(PH-ES719LTG-AG),5700
Phanteks Enthoo Pro M 全黑 顯卡長47.2/CPU高19/E-ATX(PH-ES515PTG-BK),3150
Phanteks Enthoo Pro M 白黑 顯卡長47.2/CPU高19/E-ATX(PH-ES515PTG-SWT),3600
Phanteks Enthoo Evolv 全黑 顯卡長33/CPU高20/ITX(PH-ES215PTG-BK),2540
Phanteks Enthoo Evolv 白黑 顯卡長33/CPU高20/ITX(PH-ES215PTG-WT),2845
Phanteks Enthoo Evolv 紅黑 顯卡長33/CPU高20/ITX(PH-ES215PTG-SRD),2540
Phanteks Enthoo Evolv Shift Air 黑 顯卡長35/CPU高8.2/ITX(PH-ES217A-BK),2990
Phanteks Enthoo Evolv Shift Air 灰 顯卡長35/CPU高8.2/ITX(PH-ES217A-AG),2990
Phanteks Enthoo Evolv Shift 黑 顯卡長35/CPU高8.2/ITX(PH-ES217E-BK),3455
Phanteks Enthoo Evolv Shift 灰 顯卡長35/CPU高8.2/ITX(PH-ES217E-AG),3455
Phanteks Enthoo Evolv Shift X 黑 顯卡長52.9/CPU高8.2/ITX(PH-ES217XE-BK),4980
Phanteks Enthoo Evolv Shift X 灰 顯卡長52.9/CPU高8.2/ITX(PH-ES217XE-AG),4980
Phanteks Enthoo Evolv mATX 銀 顯卡長31.9/CPU高19.2/M-ATX(PH-ES314ETG-GS),4065
Phanteks Enthoo Evolv mATX 灰 顯卡長31.9/CPU高19.2/M-ATX(PH-ES314ETG-AG),4065
Phanteks Enthoo Evolv X 黑 顯卡長43.5/CPU高19/ATX(PH-ES518XTG-DBK01) *加送,6200
Phanteks Enthoo Evolv X 灰 顯卡長43.5/CPU高19/ATX(PH-ES518XTG-DAG01) *加送,6200
Phanteks Enthoo Evolv X 銀 顯卡長43.5/CPU高19/ATX(PH-ES518XTG-DGS01) *加送,6200
Phanteks Enthoo Primo 全黑 顯卡長51.5/CPU高20.7/支援雙電供/EEB(PH-ES813P-BL),7725
Phanteks Enthoo Primo 全白 顯卡長51.5/CPU高20.7/支援雙電供/EEB(PH-ES813P-WT),8335
Phanteks Enthoo Primo 白黑 顯卡長51.5/CPU高20.7/支援雙電供/EEB(PH-ES813P-SWT),7725
Phanteks Enthoo Primo 紅黑 顯卡長51.5/CPU高20.7/支援雙電供/EEB(PH-ES813P-SRD),7725
Phanteks Enthoo Elite 黑 顯卡長51.5/CPU高21/支援雙電供/EEB(PH-ES916E-BK),32250
Phanteks Enthoo Elite 灰 顯卡長51.5/CPU高21/支援雙電供/EEB(PH-ES916E-AG),32250
賽德斯 BENNU 貝努鳥 黑 顯卡長39/CPU高15/全透側版/ATX,890
賽德斯 BENNU 貝努鳥 白 顯卡長39/CPU高15/全透側版/ATX,990
賽德斯 HORUS 荷魯斯 黑 顯卡長37/CPU高15/SSD*4/ATX,990
賽德斯 HORUS 荷魯斯 白 顯卡長37/CPU高15/SSD*4/ATX,990
賽德斯 HORUS 荷魯斯 紅 顯卡長37/CPU高15/SSD*4/ATX,990
賽德斯 ANUBIS 阿努比斯 顯卡長37/CPU高15/SSD*4/ATX,990
賽德斯 OSIRIS 歐西里斯 Plus 無線遙控版 顯卡長37/CPU高15/玻璃透側/SYNC/ATX,2190
賽德斯 RA 太陽神拉 顯37/U高17/前側玻璃/RGB(12V)/無線遙控/ATX,2990
賽德斯 GIANT 巨神兵 顯37/U高17/4面玻璃/RGB(12V)無線遙控/ATX,3990
賽德斯 SET 賽特 顯卡長37.5/CPU高17.5/A.RGB燈板/玻璃透側/ATX【+送羅技 z120喇叭】,2190
賽德斯 AMMIT 阿米特 黑 顯長37.5/U高17.5/A.RGB燈板/玻璃透側/ATX【+送羅技 z120喇叭】,2190
賽德斯 AMMIT 阿米特 白 顯長37.5/U高17.5/A.RGB燈板/玻璃透側/ATX【+送羅技 z120喇叭】,2290
賽德斯 SPHINX 斯芬克斯 顯長37.5/U高17.5/A.RGB燈板/玻璃透側/ATX【+送羅技 z120喇叭】,2590
喬思伯 U5(銀) 顯卡長35/CPU高16/玻璃透側/ATX,3490
喬思伯 U5(黑) 顯卡長35/CPU高16/玻璃透側/ATX,3490
喬思伯 U4(銀) 顯卡長31/CPU高17/玻璃透側/ATX,2690
喬思伯 U4(黑體紅邊) 顯卡長31/CPU高17/玻璃透側/ATX,2690
喬思伯 C2(銀) 顯卡長22/CPU高8/SSD*2/M-ATX,1190
喬思伯 C2(黑) 顯卡長22/CPU高8/SSD*2/M-ATX,1190
喬思伯 C2(紅) 顯卡長22/CPU高8/SSD*2/M-ATX,1190
喬思伯 C3 PLUS (銀) 顯卡長28(34)/CPU高17/玻璃透側/M-ATX,1790
喬思伯 C4(銀) 顯卡長30/CPU高16.7/雙側玻璃/ATX,2590
喬思伯 V4(黑) 顯卡長26/CPU高12/SSD*1(共用)M-ATX,1690
喬思伯 V4(銀) 顯卡長26/CPU高12/SSD*1(共用)M-ATX,1690
喬思伯 RM3(銀) 顯卡長31/CPU高17/玻璃透側/M-ATX【+送 VF-1 顯卡散熱器】,3990
喬思伯 RM3(香檳金) 顯卡長31/CPU高17/玻璃透側/M-ATX】,4190
喬思伯 RM3 RGB(銀)顯卡長30/CPU高17/玻璃透側/M-ATX,4290
喬思伯 UMX4 RGB(銀) 顯卡31/U高16/SSD*4/雙側玻璃/ATX【訂】,5990
喬思伯 UMX4 RGB(黑) 顯卡31/U高16/SSD*4/雙側玻璃/ATX【訂】,5990
喬思伯 UMX4 PLUS RGB(黑) 顯卡長32.5/CPU高16.6/雙側玻璃/E-ATX,6890
喬思伯 MOD1(紅) 顯卡長40/CPU高17/SSD*4/XL-ATX【+送羅技 MK 345 無線鍵鼠組】*訂,11600
喬思伯 MOD1(綠) 顯卡長40/CPU高17/SSD*4/XL-ATX【+送羅技 MK 345 無線鍵鼠組】*訂,11600
Fractal Design Node 304 (黑) 顯卡長31/CPU高16.5/SSD*6(共用)/ITX(NODE-304-BL),2790
Fractal Design Node 304 (白) 顯卡長31/CPU高16.5/SSD*6(共用)/ITX(NODE-304-WH),2690
Fractal Design R5 白 (靜音) 顯卡長44/CPU高18/ATX(R5-WT),2990
Fractal Design R5 白 (靜音) 顯44/U高18/ATX(R5-WT) + FD Edison M 650W/金牌/全模,5288
Fractal Design R6 黑 (靜音) 顯卡長44/CPU高18.5/E-ATX(R6-BK),4690
Fractal Design R6 TG 全黑化/玻璃透側/顯卡44/U高18.5/E-ATX(R6-BKO-TG),5390
Fractal Design R6 C 白 (靜音) 顯卡長44/CPU高18.5/E-ATX(R6C-WT),4990
Fractal Design R6 C 灰 (靜音) 顯卡長44/CPU高18.5/E-ATX(R6C-GY),4990
Fractal Design R6 C TG 黑/玻璃/顯44/CPU高18.5/E-ATX(R6C-BK-TGL),5790
Fractal Design R6 C TG 白/玻璃/顯44/CPU高18.5/E-ATX(R6C-WT-TGC),5790
Fractal Design R6 C TG 灰/玻璃/顯44/CPU高18.5/E-ATX(R6C-GY-TGL),5790
Fractal Design Define S2 TG 黑/玻璃透側/顯44/U高18.5/E-ATX(S2-BK-TGL),5390
Fractal Design Define S2 TG 白/玻璃透側/顯44/U高18.5/E-ATX(S2-WT-TGC),5390
Fractal Design Define S2 TG 灰/玻璃透側/顯44/U高18.5/E-ATX(S2-GY-TGL),5390
Fractal Design Define S2 Vision RGB 玻璃透側/顯44/U高18.5/E-ATX(S2V-RGB-BKO-TGD),8490
Fractal Design Meshify S2 白/玻璃透側/顯44/U高18.5/E-ATX(MESH-S2-WT-TGC),5490
銀欣 Vital 系列 SST-VT01S(銀) CPU高3.4/不支援Intel原廠扇/VESA背掛/STX*售完為止,790
銀欣 烏鴉1代 顯卡長33/CPU高17/壓克力透側/EEB(RV01B-W-U3)【自取價】,3390
銀欣 烏鴉4代 顯卡長33.8/CPU高16.5/SSD*4/黑化透側/E-ATX(RV04B-W) *限網路下單,3890
銀欣 小烏鴉 顯卡長33/CPU高8/SSD*2/ITX(RVZ01B),2260
銀欣 小烏鴉 進化版 顯卡長33/CPU高*8.3/SSD*4/ITX(RVZ01-E),2900
銀欣 小烏鴉2 顯卡長33/CPU高5.8/SSD*2/ITX(RVZ02B),2260
銀欣 小烏鴉2 透側版 顯卡長33/CPU高5.8/SSD*2/ITX(RVZ02B-W),2590
銀欣 小烏鴉3 RGB版 黑 顯卡33/CPU高8.3/SSD*4/ITX(RVZ03B),3150
銀欣 小烏鴉3 A.RGB版 黑 顯卡長33/CPU高8.2/ITX(RVZ03B-ARGB),3200
銀欣 小烏鴉3 A.RGB版 白 顯卡長33/CPU高8.2/A.RGB飾條/ITX(RVZ03W-ARGB),3600
銀欣 PM01 黑+紅光+透側版 顯卡長41/CPU高18/ATX(PM01BR-W),3690
銀欣 PM02 黑 顯卡長41.5/CPU高16.7/玻璃透側/LOGO燈/ATX(PM02B-G),3790
銀欣 PM02 白 顯卡長41.5/CPU高16.7/玻璃透側/LOGO燈/ATX(PM02W-G),3790
銀欣 RL07 黑 顯卡長41.5/CPU高16.7/玻璃透側/紅光面板/ATX(RL07B-G),1990
銀欣 RL07 白 顯卡長41.5/CPU高16.7/玻璃透側/藍光面板/ATX(RL07W-G),1990
銀欣 ML03 黑 短板顯卡/CPU高7/SSD*1/M-ATX(ML03B),1990
銀欣 ML04 黑 短板顯卡/CPU高7/SSD*1/M-ATX(ML04B),2190
銀欣 ML06-E 黑 短板顯卡/CPU高7/ITX(ML06B-E)【訂】,2590
銀欣 ML07 黑 顯卡長33/CPU高8/SSD*3/ITX(ML07B),1990
銀欣 ML08 黑 顯卡長33/CPU高5.8/內附PCI-E轉接卡/ITX(ML08B)【訂】,2190
銀欣 ML08 黑+提把設計 顯卡長33/CPU高5.8/附PCI-E轉接/ITX(ML08B-H)【訂】,2590
銀欣 ML09 黑 顯卡長17.5(LP)/CPU高3.7(7)/ITX(ML09B)【訂】,2040
銀欣 TJ08-E 黑 顯卡長34/CPU高16.5/SSD*1/鋁面板/M-ATX(TJ08B-E) *限網路下單,2990
銀欣 SG05-LITE 黑 顯卡長22.8/CPU高8/ITX(SG05BB-LITE),1400
銀欣 SG05-LITE 白 顯卡長22.8/CPU高8ITX(SG05W-LITE),1400
銀欣 SG09 黑 顯卡長33.7/CPU高16.5/M-ATX(SG09B),2900
銀欣 SG13 鐵網版 顯卡長26/CPU高6/SSD*3/網孔面板/ITX(SG-13B),1230
銀欣 SG13 仿金屬紋版 顯卡長26/CPU高6/拉絲面板/ITX(SG-13B-Q),1230
銀欣 PS07 黑 顯卡長34/CPU高16.5/倒置設計/M-ATX(PS07B),2090
銀欣 PS08 黑 顯卡長35/CPU高14/M-ATX(PS08B),990
銀欣 PS09 黑 顯卡長35/CPU高14/靜音隔棉/M-ATX(PS09B),1090
銀欣 PS11 黑 靜音版 顯卡長40/CPU高16/靜音面板/SSD*2/ATX(PS11B-Q),1490
銀欣 PS11 黑 透側版 顯卡長40/CPU高16/網孔面板/壓克力透側/ATX(PS11B-W),1350
銀欣 PS14 黑 透側版 顯卡長40/CPU高16/ATX(PS14B-W),990
銀欣 PS14-E 黑 顯卡長35.7/CPU高17.7/玻璃透側/ATX(PS14B-EG),1390
銀欣 PS15 黑 玻璃透側版 顯卡長31.4/CPU高15.4/全景玻璃透側/M-ATX(PS15B-G),1590
銀欣 PS16 黑 顯卡長32/CPU高16.5/HDD*3/SSD*3/M-ATX,1090
銀欣 GD05 黑 USB3版 顯卡長27.9/CPU高7/SSD*2/M-ATX(GD05B-USB3.0),2850
銀欣 GD08 黑 顯卡長34.5/CPU高13.5/ATX/SSD*2/HTPC主機/EEB(GD08B),4400
銀欣 RL01 黑 透側版 顯卡長27.9/CPU高15.5/壓克力透側/ATX(RL01B-W)*售完為止,1290
銀欣 LD01 黑 顯卡長37/CPU高16.8/M-ATX【送銀欣風扇(G10402150-RT)*2】,2990
銀欣 LD03 黑 顯卡長30.9/CPU高19/垂直風道設計/ITX【加送銀欣 LS03 燈條*1】,4490
曜越 S500 TG 黑 顯卡長40/CPU高17.2/ATX(1O3-00M1WN-00),3890
曜越 H100 TG 黑 顯卡長32/CPU高18/ATX(1L4-00M1WN-00) *首發送好禮,2690
曜越 H200 TG RGB 黑 顯卡長32/CPU高18/ATX(1M3-00M1WN-00) *首發送好禮,2990
曜越 H200 TG Snow RGB 白 顯卡長32/CPU高18/ATX(1M3-00M6WN-00) *首發送好禮,2990
曜越 ARMOR REVO GENE (透側白) 顯卡長31.5/風扇高17.5/SSD*6(共用)/ATX,1790
曜越 ARMOR REVO GENE (透側白)顯31.5/U高17.5/ATX + 振華 Leadex 550W 金牌/全模,3990
曜越 A500 TG 顯卡長42/CPU高16/鋁製外殼/玻璃透側/ATX,7590
曜越 Urban S31 顯41/U高15.5/ATX + COUGAR VTE 400/銅牌/DC-DC,2390
曜越 Commander C31 TG ARGB(黑) 顯卡長41/CPU高18/ARGB風扇/ATX,2990
曜越 Commander C31 TG ARGB(白) 顯卡長41/CPU高18/ARGB風扇/ATX【訂】,3290
曜越 Commander C32 TG ARGB(黑) 顯卡長41/CPU高18/ARGB風扇/ATX,3290
曜越 Commander C33 TG ARGB(黑) 顯卡長41/CPU高18/ARGB風扇/ATX,3290
曜越 Commander C34 TG ARGB(黑) 顯卡長41/CPU高18/ARGB風扇/ATX,2990
曜越 Commander C34 TG ARGB(白) 顯卡長41/CPU高18/ARGB風扇/ATX【訂】,3290
曜越 Commander C35 TG ARGB(黑) 顯卡長41/CPU高18/ARGB風扇/ATX,3290
曜越 Commander C36 TG ARGB(黑) 顯卡長41/CPU高18/ARGB風扇/ATX,2990
曜越 Versa H13 顯卡長 31/CPU高15/M-ATX,990
曜越 Versa H15 顯卡長 31/CPU高15/M-ATX,990
曜越 Versa H21 顯卡長31.5/CPU高15.5/SSD*3(共用)/ATX,990
曜越 Versa H22 顯卡長31.5/CPU高15.5/SSD*3(共用)/ATX,990
曜越 Versa H23 顯卡長31.5/CPU高15.5/SSD*3(共用)/ATX,990
曜越 Versa H24 顯卡長31.5/CPU高15.5/SSD*3(共用)/ATX,990
曜越 Versa N26 顯卡長36(拆硬碟架)/CPU高16/SSD*4(共用*3) ATX,1690
曜越 Versa N27 顯卡長36/CPU高16/SSD*4/全壓克力透側/ATX,1890
曜越 Versa J21 顯卡長31/CPU高16/玻璃透側/ATX,1800
曜越 Versa J24 TG RGB 顯卡長33/CPU高16/玻璃透側/ATX,2290
曜越 Versa J24 TG ARGB 顯卡長33/CPU高16/玻璃透側/ATX,2590
曜越 V200 TG RGB 顯卡長38/CPU高16/玻璃透側/ATX,1990
曜越 View 28 鷗翼式開窗/顯卡長41/CPU高15/SSD*6/ATX【尾盤出清】,1890
曜越 View 21 TG 顯卡長42/CPU高16/雙側玻璃/ATX【尾盤出清】,1790
曜越 View 31 TG 顯卡長42/CPU高18/SSD*3/雙面玻璃/ATX,3690
曜越 View 32 TG RGB 顯長40/U高16/玻璃透側/ATX【+ 送RIING RGB 風扇3顆(F042-B)】,4990
曜越 View 37 ARGB 顯卡長41/CPU高18/歐翼式開窗/A.RGB同步風扇(5V)/ATX,3990
曜越 View 71 TG 黑/顯卡長41/CPU高19/SSD*6/四面玻璃/E-ATX【訂】可指送,5990
曜越 View 71 TG White 雪白版 顯卡長41/CPU高19/四面玻璃/E-ATX【訂】可指送,5990
曜越 View 91 TG RGB 顯卡長47/CPU高20/三面玻璃/E-ATX【訂】可指送,14890
曜越 Core P5 顯卡長32/CPU高18/壓克力側板/支援壁掛/ATX【尾盤出清】,4490
曜越 Core P5 TG Ti 顯卡長32/CPU高18/鋼化玻璃/支援壁掛/ATX【訂】,5490
曜越 Core P90 TG 顯卡長32/CPU高18/開放式設計/雙側玻璃/ATX,7000
曜越 Suppressor F31 玻璃透側/顯長42/U高18/ATX(1E3-00M1WN-03)【限網路下單】,3290
曜越 Level 20 MT ARGB 顯卡長33.6/CPU高17/ATX,2990
曜越 Level 20 VT 顯卡長35/CPU高18.5 /M-ATX【訂】可指送,3590
曜越 Level 20 XT 顯卡長52/CPU高25 /E-ATX 【訂】可指送,6490
曜越 Level 20 GT 顯卡長41/CPU高20 /E-ATX(CA-1K9-00F1WN-00)【訂】可指送,6490
曜越 Level 20 GT RGB Plus顯卡長41/CPU高20 /E-ATX(CA-1K9-00F1WN-01)【訂】可指送,8990
曜越 Level 20 二十周年紀念款 顯卡長31/CPU高20/E-ATX【訂】可指送,32900
Montech 飛行者 黑 顯卡長30/CPU高14/RGB面板燈飾/M-ATX,1090
Montech 飛行者 白 顯卡長30/CPU高14/RGB面板燈飾/M-ATX,1190
Montech 先鋒者 黑 顯卡長36/CPU高16/玻璃透測/A.RGB風扇/ATX,1690
Montech Cool Box 3 顯卡長33/CPU高14/壓克力透側/RGB面板燈效/ATX,1390
Montech M8 黑 顯卡長35/CPU高16/玻璃透側/ATX【+送 12cm風扇*2】,1290
Montech FLASH 顯卡長38 / CPU高16 / 玻璃透側 / RGB鏡面板 / ATX,1490
Montech FLASH V 顯卡長38 | CPU高16 | 玻璃透側 | RGB鏡面板 | ATX,1490
Montech 守護神 黑 顯卡長40/CPU高16/玻璃透側/ATX,1890
【獨家】Montech 守護神 黑 顯40/U高16/玻璃透側/ATX + Alpha X 500W/銅【自取價】,1990
Montech SHOWBOX 顯卡40/CPU高16/全壓克力透側/玻璃面板/ATX,1490
Montech 破壞俠 顯卡長36/CPU高15.5/開窗透側/網孔面板/ATX,890
Montech 破壞俠 顯36/U高15.5/ATX + Alpha X 500W/銅牌 + aigo L6 RGB雙塔散熱器,2490
Montech Air 900 黑 顯卡長37/CPU高16.5/玻璃透側/E-ATX,1290
Montech Air 900 Mesh 黑 顯卡長37/CPU高16.5/玻璃透側/E-ATX,1590
Montech Air 900 ARGB 黑 顯卡長37/CPU高16.5/玻璃透側/E-ATX,1690
aigo Atlantis 顯卡長40/CPU高15.9/兩面玻璃/ATX【+送八度空間RGB磁吸燈條】,1990
aigo Atlantis RGB 顯卡長40/CPU高15.9/兩面玻璃/僅支援5V主板同步/ATX,2390
aigo 極光 F10 黑 顯40/U高16.5/玻璃透側/內附12cm A.RGB風扇*1/E-ATX,1690
aigo 月光寶盒-稜 白 顯卡長35/CPU高16/玻璃透側/ATX,1890
aigo darkFlash DLM 22 粉 顯卡長33/CPU高16/掀蓋式玻璃透側/M-ATX,1390
aigo darkFlash T20 黑 顯卡長35/CPU高17/A.RGB燈飾/ATX【+送aigo ARGB 風扇*2】,1890
aigo darkFlash T20 白 顯卡長35/CPU高17/A.RGB燈飾/ATX【+送aigo ARGB 風扇*2】,1990
aigo darkFlash Phantom 黑 顯長37.5/CPU高17.5/三面玻璃/A.RGB風扇*6/ATX,2590
保銳 安耐美 靜音坦克/顯卡長42/CPU高17.5/玻璃透側/ATX(ECA3510-BB),3290
保銳 安耐美 黑魅武士 全玻璃透側版 顯卡長39/CPU高15.2/ATX (非壓克力開窗側板),1290
保銳 安耐美 鐵甲坦克 黑/顯卡長39/CPU高15.6/玻璃透側/ATX(ECB3090BM-02),1890
保銳 安耐美 CI30 虹光戰士 顯卡長37.5/CPU高15.7/A.RGB風扇/ATX,1990
保銳 安耐美 LN30 流星戰士 顯卡長37.5/CPU高15.7/A.RGB風扇/ATX【訂】,1690
保銳 安耐美 SF30 星光戰士 顯卡長37.5/CPU高15.7/內附星彩蝠A.RGB*4/ATX,2390
保銳 安耐美 黑魅騎士 紅 顯卡長28.5/CPU高17/透側/ATX,1390
保銳 安耐美 黑魅騎士 白 顯卡長28.5/CPU高17/透側/ATX,1390
保銳 安耐美 黑魅騎士 藍 顯卡長28.5/CPU高17/透側/ATX,1390
保銳 安耐美 疾風戰艦 顯卡39/CPU高15.6/玻璃透側/SSD*3/ATX(ECA3520),1990
保銳 安耐美 黑魅極光 藍 顯卡長41/CPU高17/SSD*6/ATX【+送保銳 星彩蝠3顆裝】,2590
保銳 安耐美 黑魅極光 紅 顯卡長41/CPU高17/SSD*6/ATX【+送保銳 星彩蝠3顆裝】,2590
保銳 安耐美 黑魅極光 綠 顯卡長41/CPU高17/SSD*6/ATX【+送保銳 星彩蝠3顆裝】,2590
保銳 安耐美 幻彩戰艦 黑 尊爵版 顯卡長41/CPU高17/TYPE-C/ATX【訂】,6390
保銳 安耐美 幻彩戰艦 雪白版 顯卡長41/CPU高17/獨家方框A.RGB風扇/ATX【訂】,5990
保銳 安耐美 幻彩戰艦 Saberay 顯卡長41/CPU高17/玻璃透側/RGB扇.燈條/ATX【訂】,5590
海盜船 Carbide SPEC-04 (黑灰) 顯卡長37/CPU高15/SSD*5/ATX,1690
海盜船 Carbide SPEC-04 (黑紅) 顯卡長37/CPU高15/SSD*5/ATX,1690
海盜船 Carbide SPEC-04 (黑紅) 顯卡長37/CPU高15/SSD*5/透側玻璃版/ATX,1890
海盜船 Carbide SPEC-05 (黑) 顯卡長37/CPU高15/壓克力透側/ATX,1590
海盜船 SPEC-06 RGB (白) 顯卡長37/CPU高17/玻璃透側/RGB面板/ATX,2990
海盜船 SPEC-06 RGB (黑) 顯卡長37/CPU高17/玻璃透側/RGB面板/ATX,2990
海盜船 SPEC-DELTA RGB (黑) 顯卡長33/CPU高18/玻璃透側/ATX(CC-9011166-WW),2490
海盜船 SPEC-OMEGA RGB (黑)顯卡長37/CPU高17/玻璃透側/ATX,4790
海盜船 SPEC-OMEGA RGB (白)顯卡長37/CPU高17/玻璃透側/ATX,4790
海盜船 iCUE 220T RGB 黑 顯卡長30/CPU高16/玻璃透側/ATX(9011173-WW),3490
海盜船 iCUE 220T RGB 白 顯卡長30/CPU高16/玻璃透側/ATX(9011174-WW),3490
海盜船 iCUE 465X RGB 黑 顯卡長37/CPU高17/玻璃透側/ATX(9011188-WW),4590
海盜船 iCUE 465X RGB 白 顯卡長37/CPU高17/玻璃透側/ATX(9011189-WW),4590
海盜船 Crystal 280X RGB (黑) 顯卡長30/CPU高15/3面玻璃/RGB風扇/M-ATX,5390
海盜船 Crystal 280X RGB (白) 顯卡長30/CPU高15/3面玻璃/RGB風扇/M-ATX,5390
海盜船 Crystal 460X 顯卡長37/CPU高17/SSD*3/ATX,4290
海盜船 Crystal 570X RGB 黑/顯卡長37/CPU高17/4面玻璃/ATX(9011098-WW),6590
海盜船 Crystal 570X RGB 黑身紅框/顯37/U高17/4面玻璃/ATX(9011111-WW),6590
海盜船 Crystal 570X RGB 白化框體/顯37/U高17/4面玻璃/ATX(9011110-WW),6590
海盜船 Crystal 570X RGB 鏡面黑/顯37/U高17/鏡面玻璃/ATX(9011126-WW),6890
海盜船 Crystal 680X RGB 黑 顯卡長33/CPU高18/玻璃透側/E-ATX,9090
海盜船 Crystal 680X RGB 白 顯卡長33/CPU高18/玻璃透側/E-ATX,9090
海盜船 Carbide 175R 黑 顯卡長33/CPU高16/12V主板同步RGB/ATX,2190
海盜船 Carbide 200R 黑 顯卡長30/CPU高17/SSD*4/全黑化/ATX,1990
海盜船 Carbide 275R 黑 玻璃透側版 顯卡長37/CPU高17/ATX(9011132-WW),2490
海盜船 Carbide 275R 白 玻璃透側版 顯卡長37/CPU高17/ATX(9011133-WW),2490
海盜船 Carbide 275Q 黑 顯卡長37/CPU高17/靜音設計/ATX,2790
海盜船 Carbide Air 540 白 顯卡長31/CPU高17/SSD*6(2共用)/E-ATX,4490
海盜船 Carbide Air 740 顯卡長33/CPU高17/SSD*4/ATX,3590
海盜船 Carbide 678C 黑 顯卡長37/CPU高17/靜音機殼/E-ATX,6490
海盜船 Carbide 678C 白 顯卡長37/CPU高17/靜音機殼/E-ATX,6490
海盜船 Graphite 760T(黑)顯卡長45/CPU高17/SSD*10(6共用)/透側/E-ATX,6190
海盜船 Graphite 760T(白)顯卡長45/CPU高17/SSD*10(6共用)/透側/E-ATX,6590
海盜船 Graphite 780T 黑 顯卡長35/CPU高20/SSD*6(共用)/E-ATX,6290
海盜船 Graphite 780T 白 顯卡長35/CPU高20/SSD*6(共用)/E-ATX,6290
海盜船 Obsidian 500D Premium 顯卡長37/CPU高17/雙側玻璃/ATX,5090
海盜船 Obsidian 500D RGB SE Premium 顯卡長37/CPU高17/三面玻璃/ATX,8290
海盜船 Obsidian 550D 顯卡長29/CPU高17/SSD*6/靜音版/ATX,4570
海盜船 Obsidian 750D 顯卡長45/CPU高17/SSD*8(6共用)/E-ATX,4790
海盜船 Obsidian 750D Airflow 顯卡長45/CPU高17/前面板網孔/E-ATX,4890
海盜船 Obsidian 1000D 顯卡長40/CPU高18/三面玻璃/E-ATX,15490
迎廣 101 黑 顯卡長42/CPU高16/玻璃透側/ATX,1990
迎廣 101 白 顯卡長42/CPU高16/玻璃透側/ATX,1990
迎廣 103 黑 顯卡長42/CPU高16/玻璃透側/內含RGB控制器/ATX,2190
迎廣 103 白 顯卡長42/CPU高16/玻璃透側/內含RGB控制器/ATX,2190
迎廣 301 黑紅 顯卡長33/CPU高15.8/SSD*1/玻璃透側/M-ATX,2390
迎廣 301 白藍 顯卡長33/CPU高15.8/SSD*1/玻璃透側/M-ATX,2390
迎廣 303 RGB Edition 白 顯卡長35/CPU高16/發光玻璃透側/12V.RGB面板同步/ATX,3590
迎廣 303 黑 顯卡長35/CPU高16/SSD*2/玻璃透側/ATX,2990
迎廣 303 白 顯卡長35/CPU高16/SSD*2/玻璃透側/ATX,2990
迎廣 303C 黑 顯卡長35/CPU高16/SSD*2/支援特定主板RGB/玻璃透側/ATX,3190
迎廣 303C 白 顯卡長35/CPU高16/SSD*2/支援特定主板RGB/玻璃透側/ATX,3190
迎廣 309 黑 顯卡長35/CPU高16/可程式A.RGB面板/內附磁吸式耳機架/ATX,6990
迎廣 904 Plus 黑 顯卡長36/CPU高13.7/SSD*5(共用*3)/ATX【訂】,3890
迎廣 904 Plus 銀 顯卡長36/CPU高13.7/SSD*5(共用*3)/ATX【訂】,3890
迎廣 905 黑銀 顯卡長33/CPU高16/A.RGB面板燈飾/玻璃透側/E-ATX【訂】,6990
迎廣 905 黑銀 OLED版 顯卡長33/CPU高16/A.RGB面板燈飾/玻璃透側/E-ATX【訂】,7490
迎廣 Chopin +內附150W 銅牌電源 (銀)/CPU高4.3/SSD*2/內附四色i/o面板/ITX,2590
迎廣 Chopin +內附150W 銅牌電源 (黑)/CPU高4.3/SSD*2/內附四色i/o面板/ITX,2590
迎廣 A1 Plus 黑 +內附650W/金牌 顯卡長32/CPU高16/A.RGB/QI無線充電/ITX,5490
迎廣 A1 Plus 白 +內附650W/金牌 顯卡長32/CPU高16/A.RGB/QI無線充電/ITX,5490
聯力 PC-A55 黑 顯卡長31/CPU高15/ATX *限網路下單,2690
聯力 ALPHA 550 黑 顯卡長40/CPU高17/SSD*8/四面玻璃/RGB風扇/ATX【9月促銷價!】,3999
聯力 ALPHA 550 白 顯卡長40/CPU高17/SSD*8/四面玻璃/RGB風扇/ATX *限網路下單,4090
聯力 PC-O11 Dynamic Designed by Razer 顯卡長42/CPU高15.5/支援雙電供/E-ATX,4990
聯力 PC-O11 Dynamic 黑 顯卡長42/CPU高15.5/支援雙電供/E-ATX,3700
聯力 PC-O11 Dynamic 白 顯卡長42/CPU高15.5/支援雙電供/E-ATX,3700
聯力 PC-O11 AIR 顯卡長42/CPU高15.5/玻璃透側/ATX【客訂】,3700
聯力 PC-O11 AIR RGB 顯卡長42/CPU高15.5/玻璃透側/附RGB風扇4pin(12V)/ATX,4300
聯力 LANCOOL ONE 顯卡長42/CPU高17.5/RGB(12V)/E-ATX,2399
聯力 LANCOOL ONE DIGITAL 黑 顯卡長42/CPU高17.5/A.RGB(5V)/E-ATX,2900
聯力 LANCOOL ONE DIGITAL 白 顯卡長42/CPU高17.5/A.RGB(5V)/E-ATX【客訂】,2900
聯力 PC-V3000 顯卡長36/CPU高17/全鋁機殼/玻璃透側//HTPX/E-ATX【訂 可指送】,13600
聯力 DK-04 電動可調式電腦桌/顯卡長32/CPU高14/E-ATX【訂 可指送】,49990
聯力 DK-05 電動可調式電腦桌/顯卡長36/CPU高16/支援2張主機板/E-ATX*2【訂 可指送】,58000
NZXT H700 PUBG Limited Edition 顯卡長41.3/CPU高18.5/E-ATX,6190
NZXT H200i (全黑) 顯卡32.5/CPU高16.5/玻璃透側/RGB燈條/ITX【+送 NZXT 耳機架】,3790
NZXT H200i (黑藍) 顯卡32.5/CPU高16.5/玻璃透側/RGB燈條/ITX【+送 NZXT 耳機架】,3790
NZXT H200i (黑紅) 顯卡32.5/CPU高16.5/玻璃透側/RGB燈條/ITX【+送 NZXT 耳機架】,3790
NZXT H200i (白黑) 顯卡32.5/CPU高16.5/玻璃透側/RGB燈條/ITX【+送 NZXT 耳機架】,3790
NZXT H400i (全黑) 顯卡41/CPU高16.4/玻璃透側/RGB燈/M-ATX【+送 NZXT棒球帽】,3690
NZXT H400i (黑藍) 顯卡41/CPU高16.4/玻璃透側/RGB燈/M-ATX【+送 NZXT棒球帽】,3690
NZXT H400i (黑紅) 顯卡41/CPU高16.4/玻璃透側/RGB燈/M-ATX【+送 NZXT棒球帽】,3690
NZXT H400i (白黑) 顯卡41/CPU高16.4/玻璃透側/RGB燈/M-ATX【+送 NZXT棒球帽】,3690
NZXT H500i (磨砂黑) 顯卡38/CPU高16.5/RGB燈條/噪音偵測/ATX【+送 NZXT 耳機架】,3500
NZXT H700 (全黑) 顯卡41/CPU高18/玻璃透側/E-ATX【+送 NZXT 耳機架】,4790
NZXT H700 (黑藍) 顯卡41/CPU高18/玻璃透側/E-ATX【+送 NZXT 耳機架】,4790
NZXT H700 (黑紅) 顯卡41/CPU高18/玻璃透側/E-ATX【+送 NZXT 耳機架】,4790
NZXT H700 (白黑) 顯卡41/CPU高18/玻璃透側/E-ATX【+送 NZXT 耳機架】,4790
NZXT H700i (全黑) 顯卡41/CPU高18/玻璃透側/RGB燈條/E-ATX【+送 NZXT 耳機架】,5890
NZXT H700i (黑藍) 顯卡41/CPU高18/玻璃透側/RGB燈條/E-ATX【+送 NZXT 耳機架】,5890
NZXT H700i (白黑) 顯卡41/CPU高18/玻璃透側/RGB燈條/E-ATX【+送 NZXT 耳機架】,5890
NZXT H700i Ninja 忍者特別版/顯卡41/U高18/E-ATX【+送 NZXT 耳機架】【限網路下單】,7777
NZXT H210 全黑 顯卡長32.5/CPU高16.5/ITX(H210B-B1),3490
NZXT H210 白黑 顯卡長32.5/CPU高16.5/ITX(H210B-W1),3490
NZXT H210 黑紅 顯卡長32.5/CPU高16.5/ITX(H210B-BR),3490
NZXT H210i 全黑 顯卡長32.5/CPU高16.5/ITX(H210i-B1),4990
NZXT H210i 白黑 顯卡長32.5/CPU高16.5/ITX(H210i-W1),4990
NZXT H210i 黑紅 顯卡長32.5/CPU高16.5/ITX(H210i-BR),4990
NZXT H510 全黑 顯卡長38.1/CPU高16.5/ATX(H510B-B1),2990
NZXT H510 白黑 顯卡長38.1/CPU高16.5/ATX(H510B-W1),2990
NZXT H510 黑紅 顯卡長38.1/CPU高16.5/ATX(H510B-BR),2990
NZXT H510i 全黑 顯卡長38.1/CPU高16.5/ATX(H510i-B1),3990
NZXT H510i 白黑 顯卡長38.1/CPU高16.5/ATX(H510i-W1),3990
NZXT H510i 黑紅 顯卡長38.1/CPU高16.5/ATX(H510i-BR),3990
NZXT H510 Elite 全黑 顯卡長36.8/CPU高16.5/ATX(H510E-B1),5690
NZXT H710 全黑 顯卡長41.3/CPU高18.5/E-ATX(H710B-B1),5290
NZXT H710 白黑 顯卡長41.3/CPU高18.5/E-ATX(H710B-W1),5290
NZXT H710 黑紅 顯卡長41.3/CPU高18.5/E-ATX(H710B-BR),5290
NZXT H710i 全黑 顯卡長41.3/CPU高18.5/E-ATX(H710i-B1),6690
NZXT H710i 白黑 顯卡長41.3/CPU高18.5/E-ATX(H710i-W1),6690
NZXT H710i 黑紅 顯卡長41.3/CPU高18.5/E-ATX(H710i-BR),6690
酷碼 MasterCase H100 顯卡長18(21)/CPU高8.3/提把設計/ITX,1990
酷碼 RC-130 Elite (黑) 顯卡長34.3/CPU高6.5/SSD*4/(標準PW)/ITX,1650
酷碼 RC-342 顯卡長20(36)/CPU高14.8/全沖孔網面板/M-ATX,990
酷碼 RC-343 顯卡長20(36)/CPU高14.8/網孔面板/M-ATX(RC-343-KKN1),990
酷碼 RC-343 U3特仕版 顯卡長20(36)/CPU高14.8/M-ATX(RC-343-KKN3),1350
酷碼 RC-344 藍 顯卡長20(36)/CPU高14/M-ATX,1190
酷碼 RC-344 銀 顯卡長20(36)/CPU高14/M-ATX,1190
酷碼 K280 黑 顯卡長31.5/CPU高16/SSD*1/ATX,1290
酷碼 K281 黑 顯卡長31.5/CPU高16/SSD*1/ATX,1290
酷碼 K282 黑 顯卡長31.5/CPU高16/SSD*1/ATX,1290
酷碼 N200 顯卡長35.5/CPU高16/M-ATX,1390
酷碼 N300 升級版 顯卡長32/CPU高16.4/NSE-300-KKN3/ATX,1290
酷碼 N400 顯卡長32/CPU高16.4/全沖孔網面板/ATX,1490
酷碼 殺手 102 顯卡長34/CPU高15.6/SSD*2/ATX(RC-102C-KKN4),790
酷碼 殺手 103 顯卡長34.4/CPU高15.6/SSD*2/ATX(RC-103-KKN1),790
酷碼 HAF XB EVO(網孔版) 顯卡長33/CPU高18/SSD*4(4共用)/ATX,3090
酷碼 Silencio 352 顯卡長35.5/CPU高15.5/SSD*4/吸音棉/M-ATX,1790
酷碼 Silencio 452 顯卡長38/CPU高15/SSD*2/ATX,1890
酷碼 Silencio 550 顯卡長40/CPU高15.4/SSD*2/黑化.吸音棉/ATX,2470
酷碼 Silencio S400 玻璃透側版 顯卡長31.9/CPU高16.7/M-ATX(S400-KG5N-S00),2490
酷碼 Silencio S400 靜音版 顯卡長31.9/CPU高16.7/M-ATX(S400-KN5N-S00),2290
酷碼 Silencio S600 玻璃透側版 顯卡長39.8/CPU高16.7/ATX(S600-KG5N-S00),2990
酷碼 Silencio S600 靜音版 顯卡長39.8/CPU高16.7/ATX(S600-KN5N-S00),2790
酷碼 Storm Enforcer執法者 顯39/U高17.5/ATX + MWE 550W/金牌全模 + Hyper 212 紅,3890
酷碼 MasterBox CM694 顯卡長35(41)/CPU高17.1/玻璃透側/E-ATX(KG5N-S00),3490
酷碼 MasterBox NR400 with ODD 顯卡長34.6/CPU高16.6/支援5.25吋/M-ATX,1990
酷碼 MasterBox NR400 without ODD 顯卡長34.6/CPU高16.6/M-ATX(KGNN-S00),1890
酷碼 MasterBox NR600 with ODD 顯卡長34.6/CPU高16.6/支援5.25吋/ATX,2390
酷碼 MasterBox NR600 without ODD 顯卡長34.6/CPU高16.6/ATX(KGNN-S00),2290
酷碼 MasterBox E500 顯41/U高16.5/滑蓋面板/ATX(KG5N-S00) + MasterLiquid Lite 240水冷,2990
酷碼 MasterBox E500L(藍) 顯卡長39.9/CPU高15.7/滑蓋面板/ATX(KN5N-S00),1290
酷碼 MasterBox E500L(紅) 顯卡長39.9/CPU高15.7/滑蓋面板/ATX(KN5N-S01),1290
酷碼 MasterBox E500L(銀) 顯卡長39.9/CPU高15.7/滑蓋面板/ATX(KN5N-S02),1290
酷碼 MasterBox E501L 顯卡長41/CPU高16.5/沖孔面板/ATX,990
酷碼 MasterBox K501L 顯卡長41/CPU高16.5/傾斜面板/ATX,1390
酷碼 MasterBox Lite 3.1 (黑)顯卡38/CPU高15.8/SSD*3/內附3飾條/壓克力透側/M-ATX,1390
酷碼 MasterBox MB501L (黑) 顯卡41/CPU高16.5/紅飾條/碳纖維紋路面板/ATX,1390
【組合】酷碼MB501L 顯41/U高16.5/ATX + MWE Bronze 450W/銅【+送CM T2 mini塔散】,2880
【組合】酷碼MB501L 顯41/U高16.5/ATX + MWE Bronze 500W/銅【+送CM T2 mini塔散】,2980
【組合】酷碼MB501L 顯41/U高16.5/ATX + MWE Bronze 550W/銅【+送CM T2 mini塔散】,3180
【組合】酷碼MB501L 顯41/U高16.5/ATX + MWE Bronze 600W/銅【+送CM T2 mini塔散】,3480
【組合】酷碼MB501L 顯41/U高16.5/ATX + MWE Bronze 650W/銅【+送CM T2 mini塔散】,3680
酷碼 MasterBox MB511 顯卡40/CPU高16.5/壓克力透側/網孔面板/ATX,1590
酷碼 MasterBox MB511 RGB 顯卡41/CPU高16.5/玻璃透側/網孔面板/ATX,2290
"酷碼 MasterBox MB600L 藍邊 顯卡長40/CPU高16/支援5.25""/壓克力透側/ATX",1490
"酷碼 MasterBox MB600L 紅邊 顯卡長40/CPU高16/不支援5.25""/壓克力透側/ATX",1390
酷碼 MasterBox Lite 5 (黑)顯卡40/CPU高16/SSD*3/內附3飾條/壓克力透側/ATX,1490
酷碼 MasterBox Lite 5 RGB 顯卡40/CPU高16/玻璃透側/RGB需搭主板/ATX,1990
酷碼 MasterBox 5 (黑) 顯卡長41/CPU高16.7/SSD*3(共用*2)/ATX,1990
酷碼 MasterBox TD500 RGB 顯卡40.7/CPU高16.6/壓克力透側/ATX【+送MF121R 風扇*1】,2190
酷碼 MasterBox Q500L 顯卡長36/CPU高16/壓克力透側/ATX,1690
酷碼 MasterBox K500 顯卡長40/CPU高16/玻璃透側/RGB風扇/ATX【+送MF121R 風扇*1】,2290
酷碼 MasterBox K500 顯卡長40/CPU高16/玻璃透側/RGB風扇/ATX,2190
酷碼 MasterBox MB500 顯卡40/CPU高16/玻璃透側/RGB風扇/ATX【+送MA410P散熱器】,2490
酷碼 MasterBox MB520 RGB 顯卡41/CPU高16.5/玻璃透側/ATX【+送ML120L RGB水冷】,2990
酷碼 MasterBox MB530P 顯卡長41/CPU高16.5/三面玻璃/A.RGB風扇/ATX,3990
【組合】酷碼 MasterBox MB530P + MasterWatt750W銅【+送MF 120R ARGB風扇】,4980
酷碼 MasterBox Pro 5 RGB 顯41/U高16.7/玻璃透側/RGB扇/E-ATX【+送MA610P散熱】,2990
酷碼 MasterCase MC500 顯卡長41/CPU高19/玻璃透側/沖孔面板/E-ATX,2990
酷碼 MC600P 顯卡長41/CPU高19/玻璃透側/靜音設計(可開風洞)/面板RGB/E-ATX,4490
酷碼 MasterCase MC500M 顯卡長41/CPU高19/玻璃透側/RGB隔板/E-ATX,5490
酷碼 MasterCase MC500Mt 顯卡長41/CPU高19/玻璃透側/提把設計/RGB隔板/E-ATX,6990
任搭活動機殼 酷碼 MasterLiquid Maker 92 一體式水冷 機殼搭購價 !!,690
酷碼 MasterCase H500 RGB 顯卡長41/CPU高18/可拆換面板/玻璃透側/RGB扇/ATX,2990
酷碼 MasterCase H500P 顯卡長41.2/CPU高19/玻璃透側/RGB風扇/內附控制器/E-ATX,4490
酷碼 MasterCase H500P Mesh(白) 顯卡長41/CPU高19/玻璃透側/RGB扇/E-ATX,4690
酷碼 H500M 四面玻璃/A.RGB風扇(5V)/E-ATX + CM ML240R水冷【+送MF140R風扇】,8990
酷碼 MasterCase SL600M 顯31.8/U高19.1/鋁質面板/ATX【+送Hyper212黑化RGB塔散】,6990
酷碼 COSMOS C700P 黑化版 顯長49/U高19.8/RGB/E-ATX *加送CM通用型燈條2組【訂】,9790
酷碼 COSMOS C700M 顯49/U高19.8/附PCI-E線/E-ATX【+送ML360R RGB水冷】,15900
YAMA 青鋒(黑) 顯卡長36/CPU高15/3.5吋*2/2.5吋*2/ATX,690
YAMA Y304(黑) 顯卡長25/CPU高15/SSD*2/M-ATX(6孔板) *限網路下單,590
YAMA 星際戰士(銀) 顯卡長34/CPU高16/SSD*2/雙邊壓克力透側/ATX,1500
杰強 黑武士II 顯卡長35/CPU高15/M-ATX + J-Power 400W電源/三年【商用機殼首選】,950
杰強 黑旋風II 顯卡長30/CPU高15/ATX + J-Power 400W電源/三年【文書機殼首選】,950
立光 忍者II 顯卡長24/CPU高16/SSD*2/ATX *限網路下單,490
i-CoolTw 水玲瓏(黑) 顯卡長17/CPU高9/內附i-cool 400W電源【僅支援6孔M-ATX】,1050
i-CoolTw 水玲瓏(白) 顯卡長17/CPU高9/內附i-cool 400W電源【僅支援6孔M-ATX】,1050
i-CoolTw 小珊瑚(黑) 顯卡長17/CPU高9/內附i-cool 400W電源【僅支援6孔M-ATX】,1050
CRYORIG TAKU 顯卡28/CPU高4.8/平躺設計/SFX電供/ITX【訂】,10090
